,이름,팀,정렬,출장,완투,완봉,선발,승,패,세,홀드,이닝,실점,자책,타자,안타,X2타,X3타,홈런,볼넷,고4,사구,삼진,보크,폭투,자책점,비율.1,비율.2,비율.3,비율.4,WAR,WPA
2,미란다,21두,7.1,28,1,1,28,14,5,0,0,173.2,49,45,709,135,21,1,11,63,0,1,225,1,7,2.33,2.67,1.14,185,161.1,7.1,3.27
3,백정현,21삼,5.27,27,0,0,27,14,5,0,0,157.2,54,46,648,142,25,1,15,54,2,2,109,0,5,2.63,4.21,1.24,171.9,107.3,5.27,1.78
4,고영표,21K,5.23,26,1,1,25,11,6,0,1,166.2,59,54,664,147,20,2,9,27,1,14,130,0,1,2.92,3.19,1.04,154,139.2,5.23,2.27
5,켈리,21L,4.97,30,0,0,30,13,8,0,0,177,64,62,744,160,25,0,12,60,3,11,142,1,7,3.15,3.76,1.24,136.8,115.1,4.97,1.61
6,원태인,21삼,4.76,26,0,0,26,14,7,0,0,158.2,59,54,655,147,32,1,11,51,1,5,129,1,5,3.06,3.65,1.25,147.4,123.4,4.76,2.41
7,요키시,21키,4.68,31,0,0,31,16,9,0,0,181.1,71,59,739,171,24,0,12,46,2,4,131,0,9,2.93,3.54,1.2,151.4,122.4,4.68,1.62
8,뷰캐넌,21삼,4.54,30,1,1,30,16,5,0,0,177,71,61,758,173,25,4,13,59,2,2,162,0,7,3.1,3.46,1.31,145.5,130.3,4.54,1.66
9,루친스키,21N,4.5,30,0,0,30,15,10,0,0,178.2,76,63,754,160,24,1,12,55,0,10,177,2,6,3.17,3.32,1.2,143.1,135.9,4.5,1.88
10,수아레즈,21L,4.44,23,0,0,22,10,2,0,0,115.1,33,28,473,91,16,2,4,41,0,4,126,0,2,2.18,2.77,1.15,197.4,157.7,4.44,2.6
11,최원준,21두,4.16,29,0,0,29,12,4,0,0,158.1,65,58,673,160,31,4,15,37,1,10,113,0,0,3.3,4.01,1.24,130.8,107.1,4.16,1.17
14,로켓,21두,4.12,21,1,0,21,9,9,0,0,124,44,41,540,132,20,2,5,42,1,12,112,1,1,2.98,3.33,1.4,144.9,130.9,4.12,1
15,박세웅,21롯,4.01,28,1,1,28,10,9,0,0,163,75,72,685,141,24,0,20,53,0,10,125,0,17,3.98,4.55,1.19,114.3,98.1,4.01,-0.23
16,데스파이네,21K,4,33,0,0,33,13,10,0,0,188.2,81,71,819,175,30,3,10,78,0,7,165,0,15,3.39,3.62,1.34,132.6,122.7,4,0.79
17,정해영,21기,3.79,64,0,0,0,5,4,34,0,65.1,18,16,272,49,10,0,5,28,1,4,49,0,1,2.2,4.25,1.18,201.8,104.7,3.79,2.88
18,파슨스,21N,3.73,24,1,0,24,4,8,0,0,133,56,55,577,109,16,2,9,63,0,11,148,1,10,3.72,3.66,1.29,122,123.3,3.73,0.5
19,킹엄,21한,3.72,25,0,0,25,10,8,0,0,144,58,51,591,117,22,0,11,41,1,5,131,2,4,3.19,3.44,1.1,137.4,129.2,3.72,1.6
20,정우영,21L,3.21,70,0,0,0,7,3,2,27,65,16,16,263,43,9,0,0,26,1,8,41,0,2,2.22,3.59,1.06,194.7,123.3,3.21,1.94
21,고우석,21L,3.13,63,0,0,0,1,5,30,0,58,15,14,240,47,10,1,3,23,5,3,68,0,1,2.17,2.75,1.21,198.6,157.6,3.13,-0.2
22,강재민,21한,3.12,58,0,0,0,2,1,5,13,63.1,16,15,269,51,13,0,2,26,3,5,55,1,1,2.13,3.33,1.22,205.5,133.7,3.12,1.1
23,멩덴,21기,3.1,21,0,0,21,8,3,0,0,120,53,48,502,109,18,2,12,35,0,8,104,3,2,3.6,3.97,1.2,123.5,111.9,3.1,0.51
26,김재윤,21K,3.07,65,0,0,0,4,3,32,0,67,19,18,275,57,8,0,5,24,4,0,64,0,2,2.42,3.29,1.21,185.8,135.2,3.07,1.38
27,오승환,21삼,3.03,64,0,0,0,0,2,44,0,62,17,14,252,56,15,3,3,16,3,2,57,0,2,2.03,2.85,1.16,222.1,157.9,3.03,4.31
28,스트레일리,21롯,3.02,31,0,0,31,10,12,0,0,165.2,85,75,714,162,25,2,12,66,0,8,164,1,8,4.07,3.63,1.38,111.5,122.8,3.02,0.14
29,폰트,21S,2.95,26,0,0,26,8,5,0,0,145.2,66,56,604,114,22,1,12,45,1,6,157,1,2,3.46,3.28,1.09,129.7,139.2,2.95,0.56
30,김민우,21한,2.94,29,0,0,28,14,10,0,0,155.1,71,69,662,131,23,1,15,76,1,7,125,1,5,4,4.56,1.33,109.6,97.7,2.94,0.39
31,장현식,21기,2.93,69,0,0,0,1,5,1,34,76.2,28,28,336,67,7,1,7,42,1,3,80,0,8,3.29,4.15,1.42,135.3,107.3,2.93,1.98
32,홍건희,21두,2.92,65,0,0,0,6,6,3,17,74.1,23,23,303,65,11,0,3,27,0,0,82,1,7,2.78,2.74,1.24,154.9,158.9,2.92,0.6
33,김택형,21S,2.83,59,0,0,0,5,1,7,4,75.1,23,20,316,61,11,0,3,42,5,3,62,0,3,2.39,3.8,1.37,187.8,118.9,2.83,2.25
34,신민혁,21N,2.66,30,0,0,25,9,6,0,0,145,75,71,625,155,28,3,17,44,0,5,107,2,2,4.41,4.4,1.37,103,102.9,2.66,0.11
35,배제성,21K,2.55,26,0,0,26,9,10,0,0,141.2,67,58,621,126,27,1,6,82,1,1,136,0,9,3.68,3.7,1.47,121.9,120.3,2.55,0.35
38,김강률,21두,2.49,50,0,0,0,3,0,21,3,51.2,15,12,230,54,7,2,2,25,4,1,41,0,4,2.09,3.53,1.53,206.4,124,2.49,1.8
39,안우진,21키,2.46,21,0,0,21,7,8,0,0,107.2,47,39,450,88,15,1,13,41,1,7,110,1,5,3.26,4.17,1.2,136,102.7,2.46,0.55
40,이의리,21기,2.36,19,0,0,19,4,5,0,0,94.2,42,38,404,69,11,0,6,56,0,2,93,0,5,3.61,4.03,1.32,123.1,111,2.36,0.31
41,김원중,21롯,2.25,61,0,0,0,4,4,35,0,62.2,26,25,268,50,8,0,6,28,4,3,64,0,8,3.59,3.83,1.25,126.6,116.5,2.25,2.2
42,김대유,21L,2.09,64,0,0,0,4,1,0,24,50.2,13,12,209,32,1,0,2,15,0,9,56,0,2,2.13,3.06,0.93,202.4,142.4,2.09,1.85
43,브룩스,21기,2.08,13,0,0,13,3,5,0,0,78,34,29,333,93,12,1,4,16,0,1,55,0,0,3.35,3.24,1.4,132.9,137.5,2.08,0.54
44,카펜터,21한,2.02,31,0,0,30,5,12,0,0,170,90,75,746,150,21,3,16,72,0,19,179,1,7,3.97,4.06,1.31,110.3,109.7,2.02,0.53
45,임기영,21기,2,28,0,0,28,8,8,0,0,153,85,83,662,155,29,1,15,45,0,11,129,2,6,4.88,4.02,1.31,91.1,110.6,2,-0.13
46,쿠에바스,21K,1.94,23,1,1,23,9,4,0,0,133.1,68,61,580,131,21,3,11,51,0,3,137,0,6,4.12,3.57,1.37,109.1,124.8,1.94,0.02
47,최준용,21롯,1.94,44,0,0,0,4,2,1,20,47.1,16,15,195,41,7,0,6,16,3,1,45,0,1,2.85,3.97,1.2,159.4,112.5,1.94,2.28
50,이정용,21L,1.88,66,0,0,0,3,3,0,15,69.2,25,23,284,55,13,2,4,23,1,1,74,0,0,2.97,2.95,1.12,145.2,146.9,1.88,1.11
51,이용찬,21N,1.71,39,0,0,0,1,3,16,3,37,11,9,151,27,4,0,2,11,3,1,35,1,2,2.19,2.87,1.03,207.4,156.6,1.71,0.12
52,서진용,21S,1.7,65,0,0,0,7,5,9,3,67.1,28,25,297,57,8,1,9,43,7,0,62,0,3,3.34,4.83,1.49,134.3,94.3,1.7,-1.92
53,정찬헌,21L키,1.68,23,1,1,23,9,5,0,0,114.1,55,51,497,133,23,2,6,27,0,6,59,0,3,4.01,3.85,1.4,108.9,113.4,1.68,0.71
54,김태훈,21키,1.67,66,0,0,0,4,2,11,15,64.1,26,23,282,60,10,0,1,33,2,1,52,1,3,3.22,3.41,1.45,137.8,128.7,1.67,1.35
55,박종훈,21S,1.61,9,0,0,9,4,2,0,0,54.1,19,17,222,40,7,0,2,17,0,7,41,2,0,2.82,3.63,1.05,159.3,124.6,1.61,1.02
56,최채흥,21삼,1.55,26,1,0,20,5,9,0,2,122.1,66,62,538,143,21,2,16,37,1,2,82,1,4,4.56,4.62,1.47,99,98.3,1.55,-0.37
57,윤대경,21한,1.5,43,0,0,9,2,5,0,7,77.2,35,34,337,73,13,0,8,34,2,6,54,0,3,3.94,4.75,1.38,111.2,93.8,1.5,0.86
58,브리검,21키,1.44,10,0,0,10,7,3,0,0,61,25,20,250,49,8,0,6,26,0,4,49,0,3,2.95,4.48,1.23,150.2,96.4,1.44,0.3
59,한현희,21키,1.39,18,0,0,15,6,2,0,1,85.2,42,37,372,86,20,0,4,30,0,6,61,0,3,3.89,3.78,1.35,114.1,115.7,1.39,0.47
62,임찬규,21L,1.38,17,0,0,17,1,8,0,0,90.2,45,39,387,76,9,3,7,41,1,3,67,0,5,3.87,4.28,1.29,111.4,101.1,1.38,0.15
63,주권,21K,1.37,62,0,0,0,3,4,0,27,49,19,18,208,48,7,1,3,19,2,1,19,0,1,3.31,4.46,1.37,135.9,99.5,1.37,0.65
64,이민호,21L,1.35,25,0,0,22,8,9,0,0,115,58,55,477,89,17,0,13,45,1,14,100,0,6,4.3,4.58,1.17,100.2,93.7,1.35,0.13
65,곽빈,21두,1.33,21,0,0,21,4,7,0,0,98.2,50,45,455,78,17,3,7,79,0,12,96,1,6,4.1,5.08,1.59,105.1,85.6,1.33,-0.3
66,문승원,21S,1.33,9,0,0,9,2,2,0,0,50.1,20,16,212,42,14,0,1,18,0,2,32,0,1,2.86,3.51,1.19,156.8,127.9,1.33,0.31
67,이인복,21롯,1.31,25,0,0,8,3,0,0,1,61.1,31,28,271,75,17,3,5,14,1,5,45,0,0,4.11,3.81,1.45,110.6,117.3,1.31,0.08
68,구승민,21롯,1.27,68,0,0,0,6,5,0,20,62.1,30,30,262,47,7,2,5,31,0,4,65,1,4,4.33,3.97,1.25,104.9,112.4,1.27,0.3
69,윤중현,21기,1.26,30,0,0,13,5,6,0,2,82.2,44,36,373,91,7,1,7,31,0,14,33,0,2,3.92,5.27,1.48,113.5,84.3,1.26,-0.31
70,박시영,21K,1.23,48,0,0,0,3,3,0,12,45,16,12,180,30,2,0,4,15,2,1,51,0,5,2.4,3.16,1,187.1,141.1,1.23,-0.07
71,조상우,21키,1.19,44,0,0,0,6,5,15,5,44,18,17,187,30,5,0,4,19,2,2,47,0,2,3.48,3.67,1.11,127.5,116.9,1.19,1.02
74,김민수,21K,1.18,56,0,0,1,4,2,0,11,58,25,19,253,56,8,1,2,24,3,3,55,1,3,2.95,3.13,1.38,152.3,142.2,1.18,-0.18
75,심재민,21K,1.16,28,0,0,2,0,1,0,1,46.2,15,15,189,41,4,0,4,11,1,0,35,0,0,2.89,3.59,1.11,155.3,123.8,1.16,-0.07
76,류진욱,21N,1.15,44,0,0,0,1,0,1,7,43.1,15,10,190,40,6,1,2,22,0,0,31,0,4,2.08,4.03,1.43,218.6,111.9,1.15,0.55
77,장지훈,21S,1.11,60,0,0,0,2,5,1,10,80.1,40,35,342,84,12,2,6,19,1,4,51,1,1,3.92,3.86,1.28,114.4,117.5,1.11,-0.67
78,주현상,21한,1.04,43,0,0,0,2,2,0,4,50.1,21,20,218,46,6,3,6,21,2,1,33,0,6,3.58,4.76,1.33,122.5,93.6,1.04,-0.26
79,소형준,21K,1.02,24,0,0,24,7,7,0,0,119,67,55,521,123,17,0,6,51,1,4,85,0,5,4.16,3.92,1.46,108,113.3,1.02,-0.52
80,우규민,21삼,1.02,60,0,0,0,3,3,2,24,49,22,18,213,58,4,1,5,9,1,2,35,0,1,3.31,3.84,1.37,136.5,118.1,1.02,-0.84
81,이현승,21두,0.97,38,0,0,0,5,1,0,7,23.1,6,5,90,16,2,0,1,6,1,0,20,0,0,1.93,2.82,0.94,223.7,154.5,0.97,0.89
82,홍성민,21N,0.95,53,0,0,0,3,4,0,14,41.1,19,18,185,53,9,0,3,12,1,2,26,1,2,3.92,3.96,1.57,115.8,113.7,0.95,-0.06
83,김성민,21키,0.95,47,0,0,0,2,3,1,11,46.2,21,17,218,43,7,0,4,35,2,6,36,0,1,3.28,5.41,1.67,135.2,80.4,0.95,0.05
86,김재웅,21키,0.95,51,0,0,0,0,1,1,11,53.1,24,21,243,49,2,0,5,33,3,1,47,0,2,3.54,4.53,1.54,125.1,95.2,0.95,0.82
87,엄상백,21K,0.94,10,0,0,9,4,1,0,0,52.2,24,24,228,41,10,0,7,28,0,3,45,0,0,4.1,5.12,1.31,109.5,86.7,0.94,0.03
88,최성훈,21L,0.92,46,0,0,0,1,1,0,3,40.2,14,11,179,40,7,1,2,19,1,1,33,0,0,2.43,3.75,1.45,177.2,116.2,0.92,-0.22
89,원종현,21N,0.92,61,0,0,0,2,2,14,6,53,27,25,245,67,9,0,5,23,2,3,45,0,4,4.25,4.22,1.7,107,107,0.92,-1.58
90,진해수,21L,0.89,50,0,0,0,1,0,0,5,44.1,17,12,188,41,4,0,2,18,1,3,39,0,1,2.44,3.51,1.33,177.1,124.1,0.89,-0.19
91,조현우,21K,0.88,49,0,0,0,0,0,0,6,31,10,9,126,26,5,1,0,7,1,1,13,0,2,2.61,3.17,1.07,171.9,140.3,0.88,0.73
92,박민호,21S,0.82,40,0,0,0,4,0,0,5,41,18,18,177,45,5,0,3,11,0,4,19,0,0,3.95,4.45,1.37,113.6,101.5,0.82,0.16
93,프랑코,21롯,0.76,37,0,0,27,9,8,0,1,150,97,90,677,147,31,2,20,75,0,20,124,1,6,5.4,5.31,1.48,84.2,84.1,0.76,-1.27
94,이승진,21두,0.73,47,0,0,0,1,4,2,13,48.1,24,21,210,41,3,0,3,31,2,2,28,2,2,3.91,4.91,1.49,110.3,88.8,0.73,0.25
95,이창재,21K,0.68,32,0,0,0,2,0,0,0,26.2,8,8,108,22,5,0,0,10,2,0,19,0,0,2.7,2.81,1.2,166.4,158.6,0.68,0.23
98,라이블리,21삼,0.66,7,0,0,7,0,1,0,0,33.1,16,15,140,23,6,0,4,13,0,5,38,0,0,4.05,4.23,1.08,111.5,107,0.66,0.33
99,임준형,21L,0.65,6,0,0,4,1,0,0,0,23,8,8,94,24,5,0,0,4,0,3,21,0,1,3.13,2.42,1.22,137.8,183.4,0.65,0.46
100,백승현,21L,0.61,16,0,0,0,0,0,0,1,16.2,4,4,66,13,2,0,0,4,0,2,10,0,0,2.16,3.21,1.02,199.7,138.1,0.61,0.51
101,권휘,21두,0.6,24,0,0,0,0,0,0,1,20.1,6,6,92,16,3,0,0,14,0,2,15,0,3,2.66,4.22,1.48,162.4,105,0.6,0.13
102,김명신,21두,0.58,58,0,0,1,3,2,0,2,67,37,32,289,72,14,3,6,14,1,6,43,0,1,4.3,4.06,1.28,100.3,105.9,0.58,-0.19
103,최원태,21키,0.55,28,0,0,28,9,11,0,0,143.1,89,73,643,163,21,3,11,53,2,10,93,0,3,4.58,4.31,1.51,96.7,100.8,0.55,-0.71
104,이대은,21K,0.54,31,0,0,0,3,2,1,9,31,15,12,128,27,6,0,4,11,0,1,22,0,0,3.48,4.75,1.23,128.9,93.3,0.54,-0.14
105,김윤식,21L,0.54,35,0,0,3,7,4,0,1,66.2,37,32,301,65,9,2,3,36,2,6,56,2,0,4.32,4.04,1.52,99.8,108.1,0.54,-0.54
106,이재학,21N,0.53,17,2,1,17,6,6,0,0,83,50,48,370,74,16,1,14,52,0,6,65,0,3,5.2,6.06,1.52,87.2,74.8,0.53,-0.45
107,홍상삼,21기,0.51,49,0,0,0,4,1,0,12,36,19,19,160,33,9,0,6,19,2,3,33,0,3,4.75,5.33,1.44,93.6,82.8,0.51,0.4
110,안영명,21K,0.51,35,0,0,0,0,1,0,4,35.1,17,16,145,24,3,0,2,11,0,1,32,0,0,4.08,3.28,0.99,110.2,135.9,0.51,-0.13
111,윤정현,21키,0.44,10,0,0,0,0,0,0,1,12.1,2,2,53,11,2,0,0,5,0,1,7,0,0,1.46,3.66,1.3,303.8,121.2,0.44,0.08
112,송은범,21L,0.43,35,0,0,0,2,2,0,4,37.1,18,17,155,34,7,0,1,13,1,2,19,0,4,4.1,3.79,1.26,105.3,116,0.43,0.37
113,장민기,21기,0.43,21,0,0,0,2,1,0,2,23.1,11,9,114,13,3,1,1,29,0,4,22,0,2,3.47,6.25,1.8,128.1,71.7,0.43,-0.67
114,최금강,21N,0.41,20,0,0,0,2,1,1,0,28,14,14,129,29,6,0,4,17,0,2,25,0,3,4.5,5.44,1.64,100.9,83.2,0.41,-0.36
115,임창민,21N,0.39,46,0,0,0,0,3,0,17,40.1,23,17,178,35,8,0,2,20,1,4,29,0,7,3.79,4.25,1.36,119.7,105.8,0.39,0.23
116,김재열,21기,0.39,24,0,0,0,1,0,0,0,32.2,18,14,152,28,4,0,4,18,0,4,18,1,1,3.86,5.84,1.41,115.3,76,0.39,-0.19
117,다카하시,21기,0.37,7,0,0,7,1,3,0,0,36.2,22,20,168,46,4,0,4,12,0,4,46,0,4,4.91,3.55,1.58,90.6,125.6,0.37,-0.32
118,박진우,21N,0.36,9,0,0,0,0,0,0,1,11,2,2,44,6,2,0,0,5,0,1,12,0,1,1.64,2.79,1,277.5,160.3,0.36,-0.01
119,최지광,21삼,0.35,60,0,0,0,7,1,0,14,51.1,30,28,231,53,11,2,5,27,0,2,49,0,2,4.91,4.38,1.56,91.9,102.9,0.35,0.15
210,김진영,21한,0.35,20,0,0,0,0,1,0,1,18.1,8,8,81,16,3,0,2,14,2,0,8,0,1,3.93,5.84,1.64,111.5,76.5,0.35,-0.1
310,박치국,21두,0.34,23,0,0,0,2,1,0,8,22,11,10,95,21,5,0,2,11,3,1,20,0,1,4.09,3.92,1.46,105.4,109.5,0.34,0.58
410,김기중,21한,0.33,15,0,0,12,2,4,0,0,53.2,32,28,260,63,10,1,4,36,2,4,36,2,0,4.7,5.08,1.85,93.3,87.8,0.33,-0.62
510,김영규,21N,0.33,37,0,0,8,5,3,0,6,63.2,40,38,286,69,8,0,10,28,0,1,42,0,3,5.37,5.42,1.52,84.5,83.6,0.33,-0.56
610,르위키,21S,0.32,4,0,0,4,1,0,0,0,14.1,6,6,56,15,3,0,2,2,0,0,9,0,0,3.77,4.31,1.19,119.1,105.7,0.32,0.17
710,김상수,21S,0.32,50,0,0,0,4,3,6,5,58.1,33,33,273,71,8,0,10,30,3,1,44,0,2,5.09,5.49,1.73,88.1,83,0.32,-0.04
810,장민재,21한,0.32,12,0,0,6,0,2,0,0,29.1,17,9,128,34,7,0,4,8,1,0,13,0,1,2.76,4.94,1.43,158.6,90.3,0.32,-0.01
910,문용익,21삼,0.31,22,0,0,0,2,0,0,2,22,11,11,98,21,3,0,3,10,0,1,19,0,4,4.5,4.88,1.41,100.3,93,0.31,0.28
1010,홍정우,21삼,0.31,15,0,0,0,2,0,0,0,15.2,6,6,64,14,3,1,3,4,0,0,12,0,1,3.45,5.06,1.15,131,90.5,0.31,-0.22
1110,배민서,21N,0.3,32,0,0,2,1,0,0,0,40,26,22,187,51,6,0,3,17,0,4,23,0,3,4.95,4.73,1.7,91.7,95.1,0.3,0.4
141,배재준,21L,0.3,15,0,0,6,2,2,0,0,32.2,17,15,151,42,10,0,1,13,0,3,23,0,1,4.13,3.79,1.68,104.4,115.7,0.3,-0.48
151,하재훈,21S,0.3,18,0,0,0,1,0,0,2,18,8,8,88,16,0,1,1,16,2,3,8,0,2,4,6,1.78,112.2,75.2,0.3,-0.11
161,전상현,21기,0.3,15,0,0,0,1,0,0,7,13,6,5,59,15,3,0,1,6,0,0,8,0,1,3.46,4.49,1.62,128.5,99.2,0.3,0.44
171,이상영,21L,0.29,21,0,0,9,1,1,0,0,50,28,24,228,48,8,0,7,32,0,8,30,0,3,4.32,6.35,1.6,99.8,67.7,0.29,-0.34
181,임정호,21N,0.27,60,0,0,0,0,4,0,12,34.2,20,16,165,37,4,1,2,25,2,3,24,0,0,4.15,4.95,1.79,109.3,91,0.27,-0.66
191,윤호솔,21한,0.27,55,0,0,0,3,0,0,8,48.2,29,25,214,41,13,2,7,30,1,3,42,0,3,4.62,5.45,1.46,94.7,81.8,0.27,0.63
201,장지수,21기,0.26,9,0,0,0,0,0,0,0,14.1,6,5,67,9,2,0,1,13,0,3,5,0,1,3.14,6.89,1.54,141.6,64.7,0.26,-0.07
211,진명호,21롯,0.25,33,0,0,0,2,2,0,3,24.1,14,13,107,20,5,0,3,14,0,2,24,0,1,4.81,4.94,1.4,94.5,90.5,0.25,-0.65
221,김준형,21키,0.25,14,0,0,0,0,0,0,0,14.1,6,5,67,15,1,0,2,7,0,3,8,0,1,3.14,6.12,1.54,141.2,70.7,0.25,0.07
231,김동혁,21키,0.25,40,0,0,8,0,5,1,0,82,51,47,367,89,21,0,5,34,4,14,30,1,0,5.16,5,1.5,85.9,87.6,0.25,-1.57
261,송윤준,21한,0.24,17,0,0,0,0,0,0,2,12.2,5,5,55,12,2,0,1,6,1,2,8,0,0,3.55,4.75,1.42,123.3,93.8,0.24,-0.02
271,채지선,21L,0.24,14,0,0,0,0,0,0,0,17.1,8,6,87,15,5,0,0,20,0,0,18,2,2,3.12,4.72,2.02,138.5,93.9,0.24,-0.1
281,서동민,21S,0.23,20,0,0,0,0,0,0,0,26.1,15,15,118,27,4,1,5,17,0,1,24,0,1,5.13,6.03,1.67,87.5,75.7,0.23,0.08
291,배동현,21한,0.23,20,0,0,4,1,3,0,0,38,21,19,177,34,9,1,3,25,0,4,26,2,1,4.5,5.28,1.55,97.3,84.5,0.23,-0.76
301,김인범,21키,0.22,3,0,0,0,0,0,0,0,5.1,0,0,20,3,1,0,0,1,0,0,5,0,0,0,2.02,0.75,,218.3,0.22,0.03
311,몽고메리,21삼,0.21,11,0,0,11,2,5,0,0,52,33,31,244,46,5,1,3,38,0,4,55,0,4,5.37,4.39,1.62,84.1,102,0.21,-0.71
321,노성호,21삼,0.21,16,0,0,0,0,2,0,1,19,10,10,82,10,1,0,2,14,0,1,19,0,2,4.74,5.07,1.26,95.3,88.9,0.21,-0.57
331,함덕주,21L,0.2,16,0,0,3,1,2,0,1,21,11,10,98,20,2,1,2,13,1,3,18,0,2,4.29,5,1.57,100.6,86.3,0.2,-0.43
341,윤명준,21두,0.17,45,0,0,0,1,0,0,1,45.2,28,24,208,53,6,0,3,20,2,4,26,1,1,4.73,4.49,1.6,91.2,96.7,0.17,-0.44
351,이태양,21S,0.17,40,0,0,14,5,10,0,4,103.2,66,66,456,123,23,1,25,32,1,1,62,0,2,5.73,6.2,1.5,78.3,73.8,0.17,-1.18
381,김지용,21L,0.17,3,0,0,0,0,0,0,0,4,0,0,16,2,2,0,0,1,0,1,5,0,0,0,2.33,0.75,,189.5,0.17,0.02
391,이재희,21삼,0.16,5,0,0,5,0,1,0,0,21.2,13,13,95,24,3,1,2,10,0,0,17,0,2,5.4,4.35,1.57,83.6,103.7,0.16,-0.06
401,심창민,21삼,0.15,59,0,0,0,3,2,0,16,51.1,32,29,238,47,12,0,8,32,0,6,58,1,2,5.08,5.32,1.54,88.8,85.3,0.15,-0.43
411,이승현,21삼,0.14,41,0,0,0,1,4,0,7,39.1,24,23,174,35,8,0,3,23,0,3,46,0,5,5.26,3.97,1.48,85.8,113.2,0.14,-0.32
421,문경찬,21N,0.13,35,0,0,0,0,1,0,4,31,20,17,142,25,6,0,6,20,1,0,25,0,1,4.94,6.07,1.45,92,74.8,0.13,-0.19
431,이상민,21삼,0.13,30,0,0,0,1,1,0,3,24.2,15,13,110,28,6,1,2,14,0,0,14,0,1,4.74,4.95,1.7,95.2,90.8,0.13,0.31
441,김진욱,21롯,0.13,39,0,0,5,4,6,0,8,45.2,32,32,227,42,9,0,3,49,3,3,45,0,15,6.31,5.44,1.99,72.1,82,0.13,-1.26
451,김태경,21N,0.13,7,0,0,3,0,0,0,0,15,8,8,63,11,4,0,1,9,0,1,10,0,1,4.8,4.87,1.33,94.6,92.6,0.13,-0.05
461,박건우,21기,0.13,3,0,0,0,0,0,0,0,3,0,0,11,2,0,0,0,1,0,1,3,0,0,0,3.33,1,,135.1,0.13,0.01
471,김대우,21롯,0.12,39,0,0,0,2,2,0,9,35.1,22,20,160,32,7,0,4,24,0,4,31,0,5,5.09,5.43,1.59,89.2,82.3,0.12,-0.71
501,송명기,21N,0.11,24,0,0,24,8,9,0,0,123.1,83,81,574,147,39,2,12,58,1,9,102,1,2,5.91,4.55,1.66,76.8,99.3,0.11,-0.74
511,김종수,21한,0.11,49,0,0,0,1,1,0,6,46.2,29,25,208,34,10,0,7,32,0,3,38,0,2,4.82,5.9,1.41,90.8,75.5,0.11,-0.2
521,신재웅,21S,0.11,8,0,0,0,0,0,0,0,8.1,4,4,37,6,1,0,0,5,0,0,9,1,0,4.32,2.97,1.32,103.9,151,0.11,0.03
531,박주성,21키,0.11,13,0,0,0,0,1,0,0,18.1,11,10,89,24,1,0,1,9,0,2,12,0,1,4.91,4.53,1.8,90.3,96.5,0.11,-0.51
541,최승용,21두,0.11,15,0,0,2,0,0,0,2,18.1,10,8,83,20,3,1,3,10,0,1,16,0,0,3.93,5.51,1.64,109.8,77.2,0.11,-0.27
551,김도규,21롯,0.1,43,0,0,0,2,1,0,5,42,28,27,182,41,5,1,3,22,1,0,39,0,2,5.79,3.9,1.5,78.6,114.2,0.1,0.51
561,한승혁,21기,0.09,8,0,0,5,0,3,0,0,23.2,15,12,103,25,5,1,0,10,0,2,17,0,2,4.56,3.42,1.48,97.4,131.4,0.09,-0.33
571,지명성,21K,0.09,3,0,0,0,1,0,0,0,4,1,0,16,1,0,0,0,1,0,1,4,0,0,0,2.83,0.5,,156.7,0.09,0.02
581,전유수,21K,0.09,11,0,0,0,1,0,0,0,10.2,6,4,46,9,1,0,1,6,0,0,9,0,0,3.38,4.55,1.41,133.1,97.6,0.09,-0.07
591,박선우,21롯,0.08,1,0,0,0,0,0,0,0,2,0,0,9,1,0,0,0,0,0,2,1,0,0,0,5.33,0.5,,84.3,0.08,0
621,노시훈,21N,0.08,5,0,0,0,0,0,0,0,4.2,2,2,22,4,1,0,1,4,0,0,2,0,0,3.86,7.83,1.71,117.7,57.9,0.08,-0.03
631,배성근,21롯,0.08,2,0,0,0,0,0,0,0,2,0,0,9,2,0,0,0,1,0,0,1,0,0,0,3.83,1.5,,116.2,0.08,0
641,김주온,21S,0.07,2,0,0,0,0,0,0,0,2,0,0,10,1,1,0,0,2,0,1,3,0,0,0,4.83,1.5,,94.1,0.07,0
651,이재익,21삼,0.07,11,0,0,0,2,0,0,0,10,6,5,51,11,0,0,1,12,1,0,5,0,0,4.5,6.93,2.3,100.3,65.1,0.07,-0.22
661,정동윤,21S,0.07,1,0,0,0,0,0,0,0,2,0,0,7,1,0,0,0,1,0,0,0,0,0,0,4.83,1,,92.2,0.07,0
671,정진호,21한,0.06,3,0,0,0,0,0,0,0,1.2,0,0,6,1,0,0,0,1,0,0,0,0,0,0,5.13,1.2,,87,0.06,0
681,이우석,21N,0.06,10,0,0,0,1,0,0,0,9.2,6,6,49,13,4,0,1,7,0,3,8,0,0,5.59,6.13,2.07,81.3,73.5,0.06,0.06
691,박승주,21키,0.06,3,0,0,0,0,0,0,0,4.1,2,2,18,3,1,0,0,3,0,0,1,0,0,4.15,4.95,1.39,106.7,89.4,0.06,0
701,문동욱,21한,0.06,1,0,0,0,0,0,0,0,1.1,0,0,6,1,0,0,0,1,0,0,2,0,0,0,2.58,1.5,,172.9,0.06,0
711,김태훈,21S,0.05,65,0,0,0,2,4,1,16,58,35,32,269,55,5,0,7,39,3,9,49,1,4,4.97,5.54,1.62,90.4,82.1,0.05,-0.06
741,최세창,21두,0.05,1,0,0,0,0,0,0,0,1.1,0,0,5,1,0,0,0,1,0,0,0,0,0,0,5.58,1.5,,79.4,0.05,0
751,김범수,21한,0.05,56,0,0,2,4,9,1,9,70.2,44,41,319,68,11,2,2,42,1,2,70,1,8,5.22,3.55,1.56,83.9,125.8,0.05,-1.36
761,신재영,21S,0.05,20,0,0,1,0,0,0,0,28.1,18,18,124,35,5,1,3,2,0,4,27,0,1,5.72,3.44,1.31,78.5,133.3,0.05,-0.54
771,김건태,21N,0.05,6,0,0,0,0,0,0,0,6.2,4,4,29,2,0,0,1,7,0,0,5,0,3,5.4,6.93,1.35,84.1,65.3,0.05,-0.27
781,김현준,21기,0.05,19,0,0,0,0,1,0,2,19.2,13,12,83,15,1,0,4,12,0,0,19,0,0,5.49,5.88,1.37,81,75.4,0.05,-0.24
791,박웅,21두,0.04,10,0,0,0,0,0,0,0,11.2,7,7,49,12,1,1,0,4,0,3,7,0,0,5.4,3.93,1.37,79.9,112.5,0.04,-0.02
801,윤성빈,21롯,0.04,1,0,0,0,0,0,0,0,1,0,0,5,0,0,0,0,1,0,0,0,0,0,0,6.33,1,,70.4,0.04,0
811,고효준,21L,0.04,3,0,0,0,0,0,0,0,2.1,1,1,10,3,0,1,0,0,0,0,1,0,0,3.86,2.48,1.29,111.8,180.1,0.04,-0.14
821,추재현,21롯,0.04,1,0,0,0,0,0,0,0,1,0,0,4,0,0,0,0,2,0,0,0,0,0,0,9.33,2,,47.8,0.04,0
831,김도윤,21두,0.04,1,0,0,0,0,0,0,0,1,0,0,3,0,0,0,0,0,0,0,2,0,0,0,-0.67,0,,-651.2,0.04,0
861,조영건,21키,0.04,1,0,0,0,0,0,0,0,1,0,0,6,1,0,0,0,2,0,0,3,0,0,0,3.33,3,,128.9,0.04,0
871,김민수,21롯,0.03,1,0,0,0,0,0,0,0,1,0,0,4,0,0,0,0,1,0,0,1,0,0,0,4.33,1,,102.8,0.03,0
881,김진수,21L,0.03,3,0,0,0,0,0,0,0,2.1,1,1,9,2,1,0,0,0,0,0,2,0,0,3.86,1.62,0.86,111.8,276.3,0.03,-0.04
891,오윤석,21롯,0.03,1,0,0,0,0,0,0,0,0.2,0,0,2,0,0,0,0,0,0,0,0,0,0,0,3.33,0,,133.6,0.03,0
901,박진태,21기,0.02,59,0,0,0,3,3,0,9,65,44,43,305,68,11,0,6,36,0,13,45,0,5,5.95,5.41,1.6,74.7,82.3,0.02,-1.08
911,가빌리오,21S,0.02,15,0,0,15,6,4,0,0,81.1,54,53,351,88,18,0,7,30,1,6,70,0,3,5.86,4.02,1.45,76.5,113,0.02,-0.68
921,문성현,21키,0.02,4,0,0,0,0,0,0,0,3.1,2,2,18,3,2,0,0,6,0,0,3,0,1,5.4,6.93,2.7,82.1,63.4,0.02,-0.01
931,최민준,21S,0.02,38,0,0,12,3,3,0,4,86,56,56,398,93,17,0,11,50,0,7,62,1,5,5.86,5.54,1.66,76.6,81.9,0.02,-1.71
941,김건우,21S,0.02,6,0,0,4,0,1,0,0,11,7,6,54,8,1,0,1,12,0,0,7,0,1,4.91,6.51,1.82,91.4,69.2,0.02,-0.1
951,강태율,21롯,0.01,1,0,0,0,0,0,0,0,0.1,0,0,3,2,1,0,0,0,0,0,0,0,0,0,3.33,6,,133.6,0.01,0
981,최정용,21기,0.01,1,0,0,0,0,0,0,0,0.1,0,0,2,1,0,1,0,0,0,0,0,0,0,0,3.33,3,,133.6,0.01,0
991,안인산,21N,0.01,7,0,0,0,0,0,0,0,6.2,5,4,34,3,1,0,0,7,0,3,9,0,3,5.4,5.13,1.5,84.1,87.1,0.01,-0.08
1001,양현,21키,0.01,45,0,0,0,1,2,0,5,48,31,25,225,59,11,0,3,26,4,1,22,0,1,4.69,4.67,1.77,94.6,93.4,0.01,-0.52
1011,강태경,21N,0.01,3,0,0,3,0,1,0,0,12.2,8,8,61,13,3,0,2,10,0,2,10,0,2,5.68,6.65,1.82,79.9,68,0.01,-0.36
1021,강동호,21롯,0,1,0,0,0,0,0,0,0,1.1,1,1,7,1,1,0,0,1,0,1,1,0,1,6.75,6.33,1.5,67.3,70.8,0,0
1031,류원석,21L,0,6,0,0,0,0,0,0,0,6,4,4,28,1,1,0,0,9,0,1,8,0,0,6,5.67,1.67,71.9,78,0,0.04
1041,문대원,21두,0,2,0,0,0,0,0,0,0,1.1,1,1,9,2,0,0,1,2,0,0,1,0,0,6.75,16.08,3,63.9,25.8,0,0
1051,이승헌,21롯,0,16,0,0,12,0,3,0,0,57.2,39,37,278,65,10,0,2,43,0,7,32,1,11,5.77,5.28,1.87,78.7,84.6,0,-0.93
1061,윤산흠,21한,0,5,0,0,0,0,0,0,0,3,2,2,19,7,0,0,0,2,0,2,2,0,0,6,6,3,73,74.3,0,-0.06
1071,오동욱,21한,0,34,0,0,0,0,1,0,2,25,17,15,117,21,9,0,3,16,0,5,13,0,0,5.4,6.37,1.48,81.1,70,0,-0.32
1101,김건국,21롯,-0.01,13,0,0,0,0,0,0,0,22,16,16,104,27,8,0,3,14,0,0,17,0,2,6.55,5.47,1.86,69.4,81.6,-0.01,0.09
1111,손정욱,21N,-0.02,15,0,0,0,1,0,0,0,12.1,9,9,61,17,2,3,1,7,0,0,8,0,1,6.57,4.79,1.95,69.1,94.2,-0.02,-0.45
1121,황윤호,21기,-0.02,1,0,0,0,0,0,0,0,0.2,1,0,4,2,0,0,0,0,0,0,0,0,0,0,3.33,3,,133.6,-0.02,0
1131,정인욱,21한,-0.02,8,0,0,1,0,0,0,0,9.1,6,5,44,6,1,0,2,10,0,0,6,0,0,4.82,8.05,1.71,90.8,55.4,-0.02,-0.19
1141,김강민,21S,-0.02,1,0,0,0,0,0,0,0,0.2,1,1,4,1,0,0,1,1,0,0,1,0,0,13.5,24.33,3,33.2,19.1,-0.02,0
1151,정영일,21S,-0.03,1,0,0,0,0,0,0,0,2,2,2,9,4,1,0,1,0,0,0,0,0,0,9,9.83,2,49.9,46.7,-0.03,0
1161,오석주,21L,-0.03,9,0,0,0,0,0,0,0,8.1,6,6,38,9,1,0,0,6,0,0,7,0,0,6.48,3.81,1.8,66.6,116.4,-0.03,-0.05
1171,홍민기,21롯,-0.04,1,0,0,0,0,0,0,0,0.1,1,1,3,0,0,0,0,2,0,0,0,0,0,27,21.33,6,16.8,20.9,-0.04,-0.01
1181,김동욱,21키,-0.04,3,0,0,0,0,0,0,0,3,3,3,16,7,0,1,2,1,0,0,2,0,0,9,11.67,2.67,49.3,35.7,-0.04,0
1191,이형범,21두,-0.04,4,0,0,0,0,0,0,0,2.2,2,0,16,2,0,0,0,5,0,1,2,0,0,0,8.58,2.63,,51.4,-0.04,-0.55
212,최영환,21롯,-0.05,20,0,0,7,1,2,0,0,40.2,30,28,181,45,10,0,4,24,0,2,28,0,4,6.2,5.15,1.7,73.3,86.7,-0.05,-0.58
312,이준영,21기,-0.05,50,0,0,1,3,2,1,9,35.2,25,22,159,30,5,0,3,19,1,0,26,0,3,5.55,4.48,1.37,80.1,99.1,-0.05,-0.65
412,이찬혁,21L,-0.06,1,0,0,0,0,0,0,0,1,2,2,6,1,1,0,0,2,0,0,2,0,1,18,5.33,3,24,82.9,-0.06,0
512,황영국,21한,-0.06,18,0,0,0,0,2,0,2,14.2,10,9,71,16,1,0,0,10,0,1,15,0,2,5.52,3.54,1.77,79.3,126.2,-0.06,-0.6
611,나원탁,21롯,-0.06,2,0,0,0,0,0,0,0,2,3,3,10,1,0,1,0,3,0,0,3,0,1,13.5,4.83,2,33.7,92.2,-0.06,0
712,조요한,21S,-0.06,6,0,0,0,0,0,0,1,7,6,6,38,10,3,0,0,9,0,0,4,0,0,7.71,6.05,2.71,58.2,73.9,-0.06,-0.23
812,임현준,21삼,-0.06,27,0,0,0,1,2,0,5,11,8,8,52,11,1,2,0,7,0,4,8,0,0,6.55,4.88,1.64,69,91.3,-0.06,-0.68
912,이승헌,21N,-0.06,5,0,0,0,0,0,0,0,5.1,5,4,27,9,3,0,0,1,0,0,7,0,0,6.75,1.27,1.88,67.3,350,-0.06,-0.03
1012,차우찬,21L,-0.08,5,0,0,5,2,1,0,0,22.1,14,13,99,16,3,0,2,13,0,3,12,0,0,5.24,5.57,1.3,82.3,77.8,-0.08,-0.36
1112,스미스,21키,-0.08,2,0,0,2,1,0,0,0,10,7,7,43,9,2,0,1,5,0,0,5,0,0,6.3,5.13,1.4,70.4,84.4,-0.08,-0.14
142,유재유,21두,-0.09,4,0,0,0,0,0,0,0,3.1,4,4,19,4,0,0,2,5,0,0,1,0,1,10.8,15.03,2.7,39.9,27.9,-0.09,-0.04
152,변시원,21기,-0.09,1,0,0,0,0,0,0,0,0.2,2,2,7,1,0,0,0,3,0,1,0,0,0,27,21.33,6,16.5,21,-0.09,-0.03
162,서균,21한,-0.09,3,0,0,0,0,0,0,0,1.2,2,2,10,2,0,0,0,0,0,2,0,0,0,10.8,6.93,1.2,40.6,64.1,-0.09,-0.19
172,신지후,21한,-0.09,2,0,0,0,0,0,0,0,0.1,2,0,3,0,0,0,0,1,0,0,0,0,0,0,12.33,3,,36.4,-0.09,-0.01
182,이상규,21L,-0.1,7,0,0,0,0,0,0,0,6,6,6,29,8,2,0,1,2,0,1,4,0,0,9,5.67,1.67,47.9,75.1,-0.1,0.02
192,정우준,21롯,-0.1,6,0,0,0,0,0,0,0,5.2,6,6,29,6,2,0,1,5,0,2,4,0,0,9.53,7.92,1.94,47.7,56.5,-0.1,-0.19
202,조영우,21S,-0.1,30,0,0,8,4,8,1,0,66.2,46,42,291,74,10,2,10,26,0,0,48,0,3,5.67,5.01,1.5,79.1,90.8,-0.1,-0.32
213,하준호,21K,-0.11,10,0,0,0,0,0,0,0,12,10,9,56,16,1,1,2,6,0,0,10,0,1,6.75,5.33,1.83,66.5,83.1,-0.11,-0.2
222,남호,21두,-0.11,5,0,0,0,0,1,0,0,2.2,3,3,13,3,1,0,0,3,0,0,2,0,0,10.13,5.21,2.25,42.6,85.1,-0.11,-0.15
232,박세웅,21삼,-0.11,4,0,0,0,0,0,0,0,3,4,3,18,5,0,1,1,3,0,1,2,0,0,9,10.33,2.67,50.2,44.2,-0.11,-0.1
262,오현택,21롯,-0.12,20,0,0,0,0,1,0,1,16.1,13,12,87,28,7,0,2,8,2,1,8,0,0,6.61,5.23,2.2,68.7,85.2,-0.12,-0.8
272,고봉재,21두,-0.12,1,0,0,0,0,0,0,0,1.1,4,4,8,5,0,0,1,0,0,0,0,0,0,27,13.08,3.75,16,31.3,-0.12,0
282,박주홍,21한,-0.12,2,0,0,1,1,1,0,0,3,4,4,18,2,0,0,0,9,0,0,3,0,1,12,10.33,3.67,36.5,43.4,-0.12,-0.22
292,유원상,21K,-0.12,11,0,0,0,1,1,0,1,13,10,9,60,15,2,0,0,6,0,0,13,0,3,6.23,2.72,1.62,72.1,164.4,-0.12,-0.08
302,김태형,21L,-0.12,2,0,0,0,0,0,0,0,1,3,3,6,0,0,0,0,2,0,1,1,0,0,27,10.33,2,16,42.6,-0.12,0.01
313,강지광,21S,-0.13,1,0,0,0,0,0,0,0,1,4,4,10,3,0,0,0,4,0,0,1,0,0,36,13.33,7,12.5,33.5,-0.13,0
322,남지민,21한,-0.13,3,0,0,3,0,1,0,0,7.1,6,6,41,9,2,0,1,7,0,3,3,0,0,7.36,8.38,2.18,59.5,53.2,-0.13,-0.24
332,이용준,21N,-0.13,2,0,0,0,0,0,0,0,1.2,4,4,12,3,0,0,0,4,0,0,1,0,2,21.6,9.33,4.2,21,48.4,-0.13,-0.02
342,장웅정,21한,-0.13,4,0,0,0,0,0,0,0,7.1,8,8,38,15,4,0,4,2,0,0,4,0,1,9.82,10.15,2.32,44.6,43.9,-0.13,-0.09
352,강경학,21한,-0.14,1,0,0,0,0,0,0,0,0.2,4,4,8,3,1,0,0,2,0,1,0,0,0,54,16.83,7.5,8.1,26.6,-0.14,0
382,이채호,21S,-0.14,3,0,0,0,0,0,0,0,5,7,4,27,8,0,0,2,3,0,0,3,0,1,7.2,9.13,2.2,62.3,50.2,-0.14,-0.01
392,김세현,21S,-0.14,5,0,0,0,0,0,0,0,4.1,5,5,28,9,2,0,0,7,1,0,5,1,0,10.38,5.18,3.69,43.2,86.9,-0.14,-0.05
402,정성종,21롯,-0.14,12,0,0,0,0,0,0,0,12,12,11,65,19,1,0,2,8,0,1,4,0,2,8.25,7.08,2.25,55.1,63.1,-0.14,-0.1
413,김동우,21롯,-0.15,5,0,0,0,0,0,0,0,5,7,6,30,10,0,0,1,5,0,0,3,0,2,10.8,7.73,3,42.1,57.8,-0.15,-0.02
422,차명진,21기,-0.16,4,0,0,3,0,1,0,0,10.2,9,9,57,12,3,0,1,13,0,1,6,0,0,7.59,7.36,2.34,58.6,60.5,-0.16,-0.41
432,임규빈,21키,-0.16,5,0,0,0,0,0,0,0,8.2,10,10,43,13,6,0,3,4,0,0,6,0,0,10.38,7.83,1.96,42.7,53.9,-0.16,0
442,양창섭,21삼,-0.16,9,0,0,0,1,1,0,1,15,11,11,73,21,5,0,3,8,0,0,13,0,1,6.6,5.8,1.93,68.4,78.7,-0.16,-0.4
452,최동환,21L,-0.16,8,0,0,0,0,0,0,0,5.2,6,6,28,6,1,0,0,4,0,2,2,0,0,9.53,5.8,1.77,45.3,76.1,-0.16,0
462,이상동,21K,-0.17,6,0,0,0,0,1,0,1,6.1,6,6,29,7,0,0,0,3,0,0,5,0,1,8.53,3.18,1.58,52.7,140.4,-0.17,-0.28
472,박재민,21롯,-0.17,5,0,0,0,0,0,0,0,2.2,5,5,13,3,1,0,1,2,0,0,2,0,0,16.88,8.96,1.88,26.9,49.9,-0.17,-0.03
502,김유영,21롯,-0.17,26,0,0,0,1,0,0,0,18.2,16,15,92,21,4,0,1,14,0,2,17,0,2,7.23,4.78,1.88,62.8,93.4,-0.17,-0.11
513,김태현,21N,-0.18,6,0,0,0,0,0,0,0,5.1,8,7,32,5,0,0,0,7,0,4,3,0,3,11.81,8.4,2.25,38.4,53.2,-0.18,-0.04
522,이종민,21키,-0.18,2,0,0,0,0,0,0,0,2.1,6,6,17,4,0,0,1,7,0,0,3,0,0,23.14,15.33,4.71,19.2,28,-0.18,-0.01
532,이정현,21K,-0.19,2,0,0,1,0,1,0,0,8.2,9,9,38,12,3,0,3,5,0,0,1,0,0,9.35,9.33,1.96,48.1,47.3,-0.19,-0.33
542,김진호,21N,-0.19,1,0,0,1,0,1,0,0,1,3,3,7,2,0,0,0,3,0,0,1,0,1,27,10.33,5,16.8,43.8,-0.19,-0.23
552,양선률,21S,-0.19,1,0,0,1,0,1,0,0,1,3,3,10,3,0,0,0,3,0,1,1,0,1,27,13.33,6,16.6,33.8,-0.19,-0.28
562,한승혁,21롯,-0.19,7,0,0,0,0,0,0,0,4,6,6,25,6,1,0,1,5,0,1,5,0,2,13.5,8.58,2.75,33.7,52.1,-0.19,-0.21
572,김창훈,21롯,-0.2,6,0,0,0,0,0,0,0,8,10,10,41,13,4,0,1,6,0,0,6,0,0,11.25,5.71,2.38,40.4,78.2,-0.2,0.1
582,김기탁,21한,-0.21,19,0,0,0,0,0,0,4,12.1,10,8,58,14,4,1,0,7,0,1,12,0,0,5.84,3.33,1.7,75,133.8,-0.21,-0.31
592,소이현,21N,-0.21,10,0,0,0,0,0,0,0,10.2,12,8,59,13,3,0,1,12,0,0,10,0,1,6.75,6.05,2.34,67.3,74.8,-0.21,-0.22
622,이교훈,21두,-0.21,11,0,0,0,0,0,0,0,8.1,10,10,43,13,3,0,2,3,0,1,8,0,0,10.8,5.97,1.92,39.9,70.2,-0.21,-0.06
632,박진형,21롯,-0.22,22,0,0,0,2,1,0,0,16,14,14,81,25,6,2,1,10,1,0,23,0,0,7.88,2.96,2.19,57.7,150.5,-0.22,-0.43
642,나균안,21롯,-0.22,23,0,0,7,1,2,1,1,46.1,36,33,223,62,13,0,4,24,0,0,27,1,1,6.41,4.84,1.86,70.9,92.1,-0.22,-0.74
652,한차현,21K,-0.22,3,0,0,0,0,0,0,0,3.2,8,8,23,10,0,0,3,2,0,0,3,0,0,19.64,13.97,3.27,22.9,31.6,-0.22,0
662,박종기,21두,-0.22,22,0,0,5,0,4,0,0,59.2,42,38,274,69,10,1,3,29,0,3,33,0,3,5.73,4.49,1.64,75.3,97.3,-0.22,-1.66
672,박준표,21기,-0.22,32,0,0,0,2,4,0,4,32,24,21,158,42,9,1,3,17,0,9,18,0,0,5.91,5.86,1.84,75.3,75.9,-0.22,-1.48
682,김민규,21두,-0.22,31,0,0,6,2,3,0,1,56.1,40,38,262,64,10,0,9,28,0,4,39,0,3,6.07,5.73,1.63,71,74.4,-0.22,-0.67
692,조병현,21S,-0.22,3,0,0,3,0,0,0,0,6.2,7,6,33,7,3,0,1,5,0,1,8,0,1,8.1,5.58,1.8,55.4,81.8,-0.22,-0.45
702,장원준,21두,-0.25,32,0,0,0,0,1,1,4,18.2,15,14,95,20,3,0,1,18,0,2,8,0,1,6.75,6.39,2.04,63.9,68.5,-0.25,-0.3
713,허윤동,21삼,-0.25,1,0,0,1,0,1,0,0,3.2,6,5,22,8,2,0,1,1,0,1,3,0,0,12.27,6.88,2.46,36.8,66.8,-0.25,-0.38
742,정수민,21S,-0.26,10,0,0,7,1,2,0,0,30.1,24,23,151,34,5,1,6,27,1,1,22,0,1,6.82,7.12,2.01,65.8,63.8,-0.26,-0.59
752,구준범,21삼,-0.27,1,0,0,1,0,0,0,0,2,5,5,12,2,0,0,2,3,0,1,1,0,0,22.5,21.33,2.5,20.1,21.7,-0.27,-0.37
762,이영하,21두,-0.28,35,0,0,11,5,6,1,2,78.2,58,55,364,81,18,0,9,57,0,1,53,0,7,6.29,5.68,1.75,68.5,75.8,-0.28,-1.63
772,이우찬,21L,-0.28,15,0,0,5,0,1,0,0,34,25,21,161,36,3,1,3,25,0,1,27,0,0,5.56,5.19,1.79,77.6,83.5,-0.28,-0.54
782,김대현,21L,-0.28,4,0,0,0,0,0,0,0,3.2,8,5,23,7,4,0,2,3,0,1,4,0,1,12.27,11.51,2.73,35.1,36.1,-0.28,-0.06
792,고영창,21기,-0.28,24,0,0,0,0,2,0,6,23.1,19,15,108,30,6,0,0,10,0,2,6,0,0,5.79,4.36,1.71,76.9,102.5,-0.28,-0.44
802,김성진,21키,-0.29,45,0,0,0,1,3,0,2,40.2,30,24,185,40,13,0,4,23,2,0,29,0,3,5.31,4.73,1.55,83.5,91.2,-0.29,-1.01
813,서덕원,21기,-0.29,24,0,0,0,1,0,0,1,32.2,28,27,148,36,8,1,7,14,0,0,24,0,5,7.44,5.94,1.53,59.8,74.4,-0.29,-0.82
822,정우람,21한,-0.3,50,0,0,0,1,4,15,1,44.2,29,28,199,47,5,0,5,20,2,5,32,0,0,5.64,4.9,1.5,77.6,91,-0.3,-1.27
832,김윤수,21삼,-0.33,20,0,0,1,0,0,0,1,19,18,14,101,25,5,0,2,17,0,1,25,0,4,6.63,4.91,2.21,68.1,91.6,-0.33,-0.65
862,김정인,21키,-0.33,11,0,0,6,1,2,0,0,31.2,26,25,151,34,6,1,6,18,0,2,21,0,2,7.11,6.36,1.64,62.4,67.4,-0.33,-0.79
872,강윤구,21N롯,-0.33,22,0,0,1,0,1,0,3,16,15,15,79,21,4,0,3,14,1,1,15,0,0,8.44,6.52,2.19,53.9,68.6,-0.33,-0.91
882,남재현,21기,-0.34,5,0,0,1,0,1,0,1,8,13,13,44,10,2,0,2,10,0,0,5,0,1,14.63,9.08,2.5,30.4,48.8,-0.34,0.04
892,박관진,21키,-0.37,2,0,0,0,0,0,0,0,0.2,9,6,12,5,1,0,0,3,0,1,0,0,0,81,21.33,12,5.5,20.8,-0.37,-0.05
902,강동연,21N,-0.37,12,0,0,3,3,2,0,1,23,21,20,109,25,4,1,4,14,0,0,14,0,3,7.83,6.2,1.7,58,73.1,-0.37,-1.28
913,조제영,21두,-0.38,6,0,0,1,0,1,0,0,10.2,13,13,60,18,3,0,1,10,1,1,5,0,1,10.97,6.43,2.63,39.3,67.5,-0.38,-0.43
922,김대우,21삼,-0.39,31,0,0,4,0,2,0,1,51,39,36,234,68,18,0,7,15,1,2,27,0,1,6.35,5,1.63,71,91,-0.39,-1.41
932,현도훈,21두,-0.4,5,0,0,2,0,0,0,0,8.2,12,12,46,9,1,0,1,13,0,0,9,0,1,12.46,7.26,2.54,34.6,59.7,-0.4,-0.29
942,최용준,21기,-0.4,3,0,0,2,0,1,0,0,6.1,10,10,39,11,4,1,3,7,0,1,6,0,0,14.21,11.39,2.84,31.3,38.7,-0.4,-0.41
952,이승재,21기,-0.41,25,0,0,0,2,1,0,5,24,20,20,118,26,2,0,5,18,0,3,17,1,3,7.5,7.25,1.83,59.3,61.1,-0.41,-0.49
982,이충호,21한,-0.43,17,0,0,0,1,0,0,0,16.1,17,14,85,20,2,2,1,13,0,3,11,0,0,7.71,5.72,2.02,56.8,78,-0.43,-0.38
992,이강준,21K롯,-0.43,15,0,0,0,1,0,0,0,8.1,11,10,48,11,1,0,1,12,0,3,4,0,2,10.8,9.33,2.76,41.9,47.7,-0.43,-0.3
1002,장필준,21삼,-0.43,41,0,0,0,0,0,0,2,34.2,30,28,174,46,8,1,4,27,1,1,24,0,4,7.27,5.78,2.11,62.1,78.1,-0.43,-0.68
1013,이승현,21삼,-0.45,21,0,0,0,1,1,0,1,17,18,18,86,30,5,1,6,8,0,0,7,0,1,9.53,8.51,2.24,47.4,54.1,-0.45,-0.49
1022,김이환,21한,-0.46,14,0,0,5,0,1,0,0,26,22,22,132,32,5,0,2,22,0,4,13,0,1,7.62,6.33,2.08,57.5,70.5,-0.46,-0.5
1032,박정수,21N두,-0.49,12,0,0,5,3,3,0,0,30.1,27,25,143,38,9,0,5,14,0,3,26,0,2,7.42,5.44,1.71,59.8,80.9,-0.49,-1.02
1042,김선기,21키,-0.5,21,0,0,7,3,2,0,0,48.1,38,35,224,53,12,0,5,22,0,7,25,1,4,6.52,5.44,1.55,68,79.8,-0.5,-1.4
1052,장재영,21키,-0.54,19,0,0,2,0,1,0,0,17.2,18,18,92,15,5,0,0,24,0,3,14,0,5,9.17,6.33,2.21,48.3,69.7,-0.54,-0.87
1062,이건욱,21S,-0.63,5,0,0,4,0,1,0,0,12.2,16,16,72,16,4,0,4,19,0,1,5,0,0,11.37,11.39,2.76,39.5,39.9,-0.63,-0.9
1072,손주영,21L,-0.63,7,0,0,6,1,3,0,0,26.2,25,25,127,31,7,2,4,20,0,1,21,0,1,8.44,6.07,1.91,51.1,70.6,-0.63,-0.88
1102,서준원,21롯,-0.65,26,0,0,8,1,3,0,3,54,46,44,257,72,13,2,5,29,3,2,37,0,1,7.33,4.72,1.87,62,94.4,-0.65,-1.07
1113,오주원,21키,-0.68,21,0,0,0,1,1,1,0,18.1,20,20,89,33,8,0,3,4,1,0,9,0,1,9.82,4.97,2.02,45.2,86,-0.68,-0.89
1122,이승호,21키,-0.68,38,0,0,3,1,3,0,5,47.1,39,29,224,55,7,1,4,31,2,1,37,0,8,5.51,4.77,1.82,80.4,90.8,-0.68,-1.15
1132,임준섭,21한,-0.68,13,0,0,0,0,0,0,0,10.2,18,13,64,19,5,0,1,8,0,4,11,1,1,10.97,5.86,2.53,39.9,76,-0.68,-0.23
1142,김정빈,21S,-0.72,6,0,0,6,0,1,0,0,17.1,20,19,92,20,1,0,5,20,0,4,21,0,1,9.87,8.81,2.31,45.5,51.9,-0.72,-1.33
1152,김유신,21기,-0.75,15,0,0,11,2,6,0,0,54.1,47,46,249,63,12,1,11,35,0,2,29,0,0,7.62,6.94,1.8,58.4,63.7,-0.75,-1.61
1162,노경은,21롯,-0.8,14,0,0,11,3,5,0,0,56.1,50,46,269,79,16,1,11,24,0,4,35,0,3,7.35,6.12,1.83,61.8,73.1,-0.8,-1.9
1172,김현수,21기,-0.86,17,0,0,8,1,4,0,0,45.2,43,40,229,57,16,0,8,36,0,3,27,0,1,7.88,6.99,2.04,56.4,63.4,-0.86,-1.36
1182,이보근,21K,-0.88,15,0,0,0,0,1,0,1,10,18,17,61,25,4,0,3,6,0,0,7,0,2,15.3,7.63,3.1,29.4,57.9,-0.88,-0.84
1192,이승민,21삼,-0.88,11,0,0,11,1,4,0,0,35.2,34,34,173,50,6,1,6,18,0,3,22,0,0,8.58,6.05,1.91,52.6,75.1,-0.88,-1.17
24,송재영,21롯,-0.93,19,0,0,0,0,2,0,1,14.2,23,22,79,24,6,0,3,12,0,1,13,0,1,13.5,6.88,2.46,33.7,65,-0.93,-0.48
36,오원석,21S,-1,33,0,0,21,7,6,0,2,110,84,72,530,125,20,3,11,73,1,10,95,1,2,5.89,5.14,1.8,76.2,88.2,-1,-2.81
48,이승관,21한,-1.04,8,0,0,2,0,2,0,0,5.2,20,17,44,11,3,1,1,16,0,0,5,0,1,27,12.33,4.77,16.2,36.3,-1.04,-0.57
514,김진성,21N,-1.07,42,0,0,0,2,4,1,9,37.2,34,30,174,43,10,0,7,18,3,1,37,0,2,7.17,5.06,1.62,63.3,89.9,-1.07,-1.25
61,신정락,21한,-1.08,20,0,0,0,0,2,0,2,20,24,19,102,25,6,1,3,15,2,3,14,0,0,8.55,6.28,2,51.2,71,-1.08,-0.78
72,이민우,21기,-1.12,16,1,0,12,1,6,0,0,57,53,51,275,78,12,3,8,31,0,5,28,1,2,8.05,6.07,1.91,55.2,73,-1.12,-1.84
84,장시환,21한,-1.38,19,1,0,16,0,11,0,1,69,62,54,342,87,12,1,4,48,2,6,47,0,7,7.04,4.99,1.96,62.2,89.5,-1.38,-2.32
96,유희관,21두,-1.49,15,0,0,15,4,7,0,0,63,57,54,314,107,14,3,10,24,0,3,23,0,0,7.71,5.95,2.08,55.9,71.8,-1.49,-1.98
